line_no,service_type,variant,note,from_start_time,to_start_time,headway_minutes
10,daily,ΓΑΖΙ,,06:20,06:20,0
10,daily,ΓΑΖΙ,,06:20,07:17,57
10,daily,ΓΑΖΙ,,07:17,07:17,0
10,daily,ΓΑΖΙ,,07:17,07:35,18
10,daily,ΓΑΖΙ,,07:35,07:55,20
10,daily,ΓΑΖΙ,,07:55,08:20,25
10,daily,ΓΑΖΙ,,08:20,08:20,0
10,daily,ΓΑΖΙ,,08:20,09:10,50
10,daily,ΓΑΖΙ,,09:10,09:17,7
10,daily,ΓΑΖΙ,,09:17,09:17,0
10,daily,ΓΑΖΙ,,09:17,10:10,53
10,daily,ΓΑΖΙ,,10:10,11:15,65
10,daily,ΓΑΖΙ,,11:15,11:15,0
10,daily,ΓΑΖΙ,,11:15,12:15,60
10,daily,ΓΑΖΙ,,12:15,13:10,55
10,daily,ΓΑΖΙ,,13:10,13:30,20
10,daily,ΓΑΖΙ,,13:30,13:43,13
10,daily,ΓΑΖΙ,,13:43,13:43,0
10,daily,ΓΑΖΙ,,13:43,15:35,112
10,daily,ΓΑΖΙ,,15:35,15:35,0
10,daily,ΓΑΖΙ,,15:35,16:10,35
10,daily,ΓΑΖΙ,,16:10,16:35,25
10,daily,ΓΑΖΙ,,16:35,16:35,0
10,daily,ΓΑΖΙ,,16:35,18:35,120
10,daily,ΓΑΖΙ,,18:35,18:35,0
10,daily,ΓΑΖΙ,,18:35,19:10,35
10,daily,ΓΑΖΙ,,19:10,19:30,20
10,daily,ΓΑΖΙ,,19:30,19:30,0
10,daily,ΓΑΖΙ,,19:30,20:35,65
10,daily,ΓΑΖΙ,,20:35,21:35,60
10,daily,ΓΑΖΙ,,21:35,21:35,0
10,daily,ΓΑΖΙ,,21:35,22:10,35
10,daily,ΓΑΖΙ,,22:10,22:10,0
10,daily,ΓΑΖΙ,,22:10,22:20,10
10,daily,ΓΑΖΙ,,22:20,22:20,0
10,daily,ΓΑΖΙ ΚΑΒΡΟΧΩΡΙ,,10:15,10:15,0
10,daily,ΓΑΖΙ ΚΑΒΡΟΧΩΡΙ,,10:15,10:15,0
10,daily,ΓΑΖΙ ΚΑΒΡΟΧΩΡΙ,,10:15,12:25,130
10,daily,ΓΑΖΙ ΚΑΒΡΟΧΩΡΙ,,12:25,12:25,0
10,daily,ΓΑΖΙ ΚΑΒΡΟΧΩΡΙ,,12:25,12:25,0
10,daily,ΓΑΖΙ ΚΑΒΡΟΧΩΡΙ,,12:25,13:53,88
10,daily,ΓΑΖΙ ΚΑΒΡΟΧΩΡΙ,,13:53,13:53,0
10,daily,ΓΑΖΙ ΚΑΒΡΟΧΩΡΙ,,13:53,13:53,0
10,daily,ΓΑΖΙ ΚΑΒΡΟΧΩΡΙ,,13:53,14:20,27
10,daily,ΓΑΖΙ ΚΑΒΡΟΧΩΡΙ,,14:20,14:20,0
10,daily,ΓΑΖΙ ΚΑΒΡΟΧΩΡΙ,,14:20,14:20,0
10,daily,ΓΑΖΙ ΚΑΒΡΟΧΩΡΙ,,14:20,17:35,195
10,daily,ΓΑΖΙ ΚΑΒΡΟΧΩΡΙ,,17:35,17:35,0
10,daily,ΓΑΖΙ ΚΑΒΡΟΧΩΡΙ,,17:35,17:35,0
10,daily,ΓΑΖΙ ΚΑΒΡΟΧΩΡΙ,,17:35,20:35,180
10,daily,ΓΑΖΙ ΚΑΒΡΟΧΩΡΙ,,20:35,20:35,0
10,daily,ΓΑΖΙ ΚΑΒΡΟΧΩΡΙ,,20:35,20:35,0
11,daily,ΠΑ.Γ.Ν.Η. / Ι.Τ.Ε. / FORTH,,07:19,07:19,0
11,daily,ΠΑΓΝΗ / Ι.Τ.Ε. FORTH / ΠΑΝΕΠΙΣΤΗΜΙΟ,,08:33,08:33,0
11,daily,ΠΑΓΝΗ / Ι.Τ.Ε. FORTH / ΠΑΝΕΠΙΣΤΗΜΙΟ,,08:33,09:33,60
11,daily,ΠΑΓΝΗ / Ι.Τ.Ε. FORTH / ΠΑΝΕΠΙΣΤΗΜΙΟ,,09:33,09:33,0
11,daily,ΠΑΓΝΗ / Ι.Τ.Ε. FORTH / ΠΑΝΕΠΙΣΤΗΜΙΟ,,09:33,15:30,357
11,daily,ΠΑΓΝΗ / Ι.Τ.Ε. FORTH / ΠΑΝΕΠΙΣΤΗΜΙΟ,,15:30,16:30,60
11,daily,ΠΑΓΝΗ / Ι.Τ.Ε. FORTH / ΠΑΝΕΠΙΣΤΗΜΙΟ,,16:30,16:30,0
11,daily,ΠΑΓΝΗ / Ι.Τ.Ε. FORTH / ΠΑΝΕΠΙΣΤΗΜΙΟ,,16:30,17:30,60
11,daily,ΠΑΓΝΗ / Ι.Τ.Ε. FORTH / ΠΑΝΕΠΙΣΤΗΜΙΟ,,17:30,17:30,0
11,daily,ΠΑΓΝΗ / Ι.Τ.Ε. FORTH / ΠΑΝΕΠΙΣΤΗΜΙΟ,,17:30,19:35,125
11,daily,ΠΑΓΝΗ / Ι.Τ.Ε. FORTH / ΠΑΝΕΠΙΣΤΗΜΙΟ,,19:35,19:35,0
11,daily,ΠΑΓΝΗ / Ι.Τ.Ε. FORTH / ΠΑΝΕΠΙΣΤΗΜΙΟ,,19:35,21:20,105
11,daily,ΠΑΓΝΗ / Ι.Τ.Ε. FORTH / ΠΑΝΕΠΙΣΤΗΜΙΟ,,21:20,21:20,0
11,unknown,ΠΑΓΝΗ / Ι.Τ.Ε. FORTH / ΠΑΝΕΠΙΣΤΗΜΙΟ,,14:28,14:28,0
11,unknown,ΠΑΓΝΗ / Ι.Τ.Ε. FORTH / ΠΑΝΕΠΙΣΤΗΜΙΟ,,14:28,15:30,62
11,daily,ΠΑ.Γ.Ν.Η. / ΠΑΝΕΠ/ΜΙΟ- ΑΕΡΟΔΡΟΜΙΟ,,22:40,22:40,0
11,daily,ΠΑ.Γ.Ν.Η. / Ι.Τ.Ε. / FORTH / ΠΑΝΕΠ/ΜΙΟ,,07:19,07:19,0
11,daily,ΠΑ.Γ.Ν.Η. / Ι.Τ.Ε. FORTH / ΠΑΝΕΠΙΣΤΗΜΙΟ,,08:33,08:33,0
11,daily,ΠΑ.Γ.Ν.Η. / Ι.Τ.Ε. FORTH / ΠΑΝΕΠΙΣΤΗΜΙΟ,,08:33,09:33,60
11,daily,ΠΑ.Γ.Ν.Η. / Ι.Τ.Ε. FORTH / ΠΑΝΕΠΙΣΤΗΜΙΟ,,09:33,09:33,0
11,daily,ΠΑ.Γ.Ν.Η. / Ι.Τ.Ε. FORTH / ΠΑΝΕΠΙΣΤΗΜΙΟ,,09:33,14:28,295
11,daily,ΠΑ.Γ.Ν.Η. / Ι.Τ.Ε. FORTH / ΠΑΝΕΠΙΣΤΗΜΙΟ,,14:28,14:28,0
11,daily,ΠΑ.Γ.Ν.Η. / Ι.Τ.Ε. FORTH / ΠΑΝΕΠΙΣΤΗΜΙΟ,,14:28,15:30,62
11,daily,ΠΑ.Γ.Ν.Η. / Ι.Τ.Ε. FORTH / ΠΑΝΕΠΙΣΤΗΜΙΟ,,15:30,15:30,0
11,daily,ΠΑ.Γ.Ν.Η. / Ι.Τ.Ε. FORTH / ΠΑΝΕΠΙΣΤΗΜΙΟ,,15:30,16:30,60
11,daily,ΠΑ.Γ.Ν.Η. / Ι.Τ.Ε. FORTH / ΠΑΝΕΠΙΣΤΗΜΙΟ,,16:30,16:30,0
11,daily,ΠΑ.Γ.Ν.Η. / Ι.Τ.Ε. FORTH / ΠΑΝΕΠΙΣΤΗΜΙΟ,,16:30,17:30,60
11,daily,ΠΑ.Γ.Ν.Η. / Ι.Τ.Ε. FORTH / ΠΑΝΕΠΙΣΤΗΜΙΟ,,17:30,17:30,0
11,daily,ΠΑ.Γ.Ν.Η. / Ι.Τ.Ε. FORTH / ΠΑΝΕΠΙΣΤΗΜΙΟ,,17:30,19:35,125
11,daily,ΠΑ.Γ.Ν.Η. / Ι.Τ.Ε. FORTH / ΠΑΝΕΠΙΣΤΗΜΙΟ,,19:35,19:35,0
11,daily,ΠΑ.Γ.Ν.Η. / Ι.Τ.Ε. FORTH / ΠΑΝΕΠΙΣΤΗΜΙΟ,,19:35,21:20,105
11,daily,ΠΑ.Γ.Ν.Η. / Ι.Τ.Ε. FORTH / ΠΑΝΕΠΙΣΤΗΜΙΟ,,21:20,21:20,0
12,daily,ΕΛ.ΜΕ.ΠΑ.,,00:00,00:07,7
12,daily,ΕΛ.ΜΕ.ΠΑ.,,00:07,00:15,8
12,daily,ΕΛ.ΜΕ.ΠΑ.,,00:15,00:19,4
12,daily,ΕΛ.ΜΕ.ΠΑ.,,00:19,00:30,11
12,daily,ΕΛ.ΜΕ.ΠΑ.,,00:30,00:30,0
12,daily,ΕΛ.ΜΕ.ΠΑ.,,00:30,06:00,330
12,daily,ΕΛ.ΜΕ.ΠΑ.,,06:00,06:37,37
12,daily,ΕΛ.ΜΕ.ΠΑ.,,06:37,06:50,13
12,daily,ΕΛ.ΜΕ.ΠΑ.,,06:50,07:17,27
12,daily,ΕΛ.ΜΕ.ΠΑ.,,07:17,07:30,13
12,daily,ΕΛ.ΜΕ.ΠΑ.,,07:30,07:35,5
12,daily,ΕΛ.ΜΕ.ΠΑ.,,07:35,07:43,8
12,daily,ΕΛ.ΜΕ.ΠΑ.,,07:43,07:55,12
12,daily,ΕΛ.ΜΕ.ΠΑ.,,07:55,08:15,20
12,daily,ΕΛ.ΜΕ.ΠΑ.,,08:15,08:25,10
12,daily,ΕΛ.ΜΕ.ΠΑ.,,08:25,08:35,10
12,daily,ΕΛ.ΜΕ.ΠΑ.,,08:35,08:45,10
12,daily,ΕΛ.ΜΕ.ΠΑ.,,08:45,08:45,0
12,daily,ΕΛ.ΜΕ.ΠΑ.,,08:45,08:55,10
12,daily,ΕΛ.ΜΕ.ΠΑ.,,08:55,09:15,20
12,daily,ΕΛ.ΜΕ.ΠΑ.,,09:15,09:25,10
12,daily,ΕΛ.ΜΕ.ΠΑ.,,09:25,09:35,10
12,daily,ΕΛ.ΜΕ.ΠΑ.,,09:35,09:45,10
12,daily,ΕΛ.ΜΕ.ΠΑ.,,09:45,09:45,0
12,daily,ΕΛ.ΜΕ.ΠΑ.,,09:45,09:55,10
12,daily,ΕΛ.ΜΕ.ΠΑ.,,09:55,10:19,24
12,daily,ΕΛ.ΜΕ.ΠΑ.,,10:19,10:32,13
12,daily,ΕΛ.ΜΕ.ΠΑ.,,10:32,10:43,11
12,daily,ΕΛ.ΜΕ.ΠΑ.,,10:43,10:45,2
12,daily,ΕΛ.ΜΕ.ΠΑ.,,10:45,10:45,0
12,daily,ΕΛ.ΜΕ.ΠΑ.,,10:45,10:55,10
12,daily,ΕΛ.ΜΕ.ΠΑ.,,10:55,11:15,20
12,daily,ΕΛ.ΜΕ.ΠΑ.,,11:15,11:45,30
12,daily,ΕΛ.ΜΕ.ΠΑ.,,11:45,11:45,0
12,daily,ΕΛ.ΜΕ.ΠΑ.,,11:45,12:45,60
12,daily,ΕΛ.ΜΕ.ΠΑ.,,12:45,12:45,0
12,daily,ΕΛ.ΜΕ.ΠΑ.,,12:45,13:45,60
12,daily,ΕΛ.ΜΕ.ΠΑ.,,13:45,13:45,0
12,daily,ΕΛ.ΜΕ.ΠΑ.,,13:45,14:45,60
12,daily,ΕΛ.ΜΕ.ΠΑ.,,14:45,14:45,0
12,daily,ΕΛ.ΜΕ.ΠΑ.,,14:45,15:45,60
12,daily,ΕΛ.ΜΕ.ΠΑ.,,15:45,15:45,0
12,daily,ΕΛ.ΜΕ.ΠΑ.,,15:45,17:45,120
12,daily,ΕΛ.ΜΕ.ΠΑ.,,17:45,17:45,0
12,daily,ΕΛ.ΜΕ.ΠΑ.,,17:45,18:19,34
12,daily,ΕΛ.ΜΕ.ΠΑ.,,18:19,18:32,13
12,daily,ΕΛ.ΜΕ.ΠΑ.,,18:32,18:43,11
12,daily,ΕΛ.ΜΕ.ΠΑ.,,18:43,18:55,12
12,daily,ΕΛ.ΜΕ.ΠΑ.,,18:55,19:07,12
12,daily,ΕΛ.ΜΕ.ΠΑ.,,19:07,19:19,12
12,daily,ΕΛ.ΜΕ.ΠΑ.,,19:19,19:32,13
12,daily,ΕΛ.ΜΕ.ΠΑ.,,19:32,19:43,11
12,daily,ΕΛ.ΜΕ.ΠΑ.,,19:43,19:45,2
12,daily,ΕΛ.ΜΕ.ΠΑ.,,19:45,19:45,0
12,daily,ΕΛ.ΜΕ.ΠΑ.,,19:45,19:55,10
12,daily,ΕΛ.ΜΕ.ΠΑ.,,19:55,20:19,24
12,daily,ΕΛ.ΜΕ.ΠΑ.,,20:19,20:42,23
12,daily,ΕΛ.ΜΕ.ΠΑ.,,20:42,20:43,1
12,daily,ΕΛ.ΜΕ.ΠΑ.,,20:43,20:55,12
12,daily,ΕΛ.ΜΕ.ΠΑ.,,20:55,20:55,0
12,daily,ΕΛ.ΜΕ.ΠΑ.,,20:55,21:10,15
12,daily,ΕΛ.ΜΕ.ΠΑ.,,21:10,21:10,0
12,daily,ΕΛ.ΜΕ.ΠΑ.,,21:10,21:23,13
12,daily,ΕΛ.ΜΕ.ΠΑ.,,21:23,21:25,2
12,daily,ΕΛ.ΜΕ.ΠΑ.,,21:25,21:37,12
12,daily,ΕΛ.ΜΕ.ΠΑ.,,21:37,21:37,0
12,daily,ΕΛ.ΜΕ.ΠΑ.,,21:37,21:45,8
12,daily,ΕΛ.ΜΕ.ΠΑ.,,21:45,21:45,0
12,daily,ΕΛ.ΜΕ.ΠΑ.,,21:45,21:55,10
12,daily,ΕΛ.ΜΕ.ΠΑ.,,21:55,21:55,0
12,daily,ΕΛ.ΜΕ.ΠΑ.,,21:55,22:15,20
12,daily,ΕΛ.ΜΕ.ΠΑ.,,22:15,22:15,0
12,daily,ΕΛ.ΜΕ.ΠΑ.,,22:15,22:35,20
12,daily,ΕΛ.ΜΕ.ΠΑ.,,22:35,22:35,0
12,daily,ΕΛ.ΜΕ.ΠΑ.,,22:35,22:55,20
12,daily,ΕΛ.ΜΕ.ΠΑ.,,22:55,22:55,0
12,daily,ΕΛ.ΜΕ.ΠΑ.,,22:55,23:10,15
12,daily,ΕΛ.ΜΕ.ΠΑ.,,23:10,23:15,5
12,daily,ΕΛ.ΜΕ.ΠΑ.,,23:15,23:25,10
12,daily,ΕΛ.ΜΕ.ΠΑ.,,23:25,23:30,5
12,daily,ΕΛ.ΜΕ.ΠΑ.,,23:30,23:40,10
12,daily,ΕΛ.ΜΕ.ΠΑ.,,23:40,23:45,5
12,daily,ΕΛ.ΜΕ.ΠΑ.,,23:45,23:55,10
12,daily,ΕΛ.ΜΕ.ΠΑ,,07:05,08:05,60
12,daily,ΕΛ.ΜΕ.ΠΑ,,08:05,09:05,60
12,daily,ΕΛ.ΜΕ.ΠΑ,,09:05,10:07,62
12,daily,ΕΛ.ΜΕ.ΠΑ,,10:07,11:05,58
12,daily,ΕΛ.ΜΕ.ΠΑ,,11:05,20:07,542
12,unknown,ΕΛ.ΜΕ.ΠΑ.,,00:10,00:25,15
12,unknown,ΕΛ.ΜΕ.ΠΑ.,,00:25,00:40,15
12,unknown,ΕΛ.ΜΕ.ΠΑ.,,00:40,06:05,325
12,unknown,ΕΛ.ΜΕ.ΠΑ.,,06:05,06:05,0
12,unknown,ΕΛ.ΜΕ.ΠΑ.,,06:05,06:45,40
12,unknown,ΕΛ.ΜΕ.ΠΑ.,,06:45,07:05,20
12,unknown,ΕΛ.ΜΕ.ΠΑ.,,07:05,07:05,0
12,unknown,ΕΛ.ΜΕ.ΠΑ.,,07:05,07:20,15
12,unknown,ΕΛ.ΜΕ.ΠΑ.,,07:20,07:20,0
12,unknown,ΕΛ.ΜΕ.ΠΑ.,,07:20,07:38,18
12,unknown,ΕΛ.ΜΕ.ΠΑ.,,07:38,07:40,2
12,unknown,ΕΛ.ΜΕ.ΠΑ.,,07:40,07:45,5
12,unknown,ΕΛ.ΜΕ.ΠΑ.,,07:45,07:45,0
12,unknown,ΕΛ.ΜΕ.ΠΑ.,,07:45,07:50,5
12,unknown,ΕΛ.ΜΕ.ΠΑ.,,07:50,08:10,20
12,unknown,ΕΛ.ΜΕ.ΠΑ.,,08:10,08:15,5
12,unknown,ΕΛ.ΜΕ.ΠΑ.,,08:15,08:25,10
12,unknown,ΕΛ.ΜΕ.ΠΑ.,,08:25,08:35,10
12,unknown,ΕΛ.ΜΕ.ΠΑ.,,08:35,08:40,5
12,unknown,ΕΛ.ΜΕ.ΠΑ.,,08:40,08:45,5
12,unknown,ΕΛ.ΜΕ.ΠΑ.,,08:45,08:55,10
12,unknown,ΕΛ.ΜΕ.ΠΑ.,,08:55,08:55,0
12,unknown,ΕΛ.ΜΕ.ΠΑ.,,08:55,09:10,15
12,unknown,ΕΛ.ΜΕ.ΠΑ.,,09:10,09:10,0
12,unknown,ΕΛ.ΜΕ.ΠΑ.,,09:10,09:25,15
12,unknown,ΕΛ.ΜΕ.ΠΑ.,,09:25,09:25,0
12,unknown,ΕΛ.ΜΕ.ΠΑ.,,09:25,09:40,15
12,unknown,ΕΛ.ΜΕ.ΠΑ.,,09:40,09:40,0
12,unknown,ΕΛ.ΜΕ.ΠΑ.,,09:40,09:45,5
12,unknown,ΕΛ.ΜΕ.ΠΑ.,,09:45,09:45,0
12,unknown,ΕΛ.ΜΕ.ΠΑ.,,09:45,09:55,10
12,unknown,ΕΛ.ΜΕ.ΠΑ.,,09:55,09:55,0
12,unknown,ΕΛ.ΜΕ.ΠΑ.,,09:55,10:10,15
12,unknown,ΕΛ.ΜΕ.ΠΑ.,,10:10,10:10,0
12,unknown,ΕΛ.ΜΕ.ΠΑ.,,10:10,10:25,15
12,unknown,ΕΛ.ΜΕ.ΠΑ.,,10:25,10:25,0
12,unknown,ΕΛ.ΜΕ.ΠΑ.,,10:25,10:40,15
12,unknown,ΕΛ.ΜΕ.ΠΑ.,,10:40,10:40,0
12,unknown,ΕΛ.ΜΕ.ΠΑ.,,10:40,10:55,15
12,unknown,ΕΛ.ΜΕ.ΠΑ.,,10:55,10:55,0
12,unknown,ΕΛ.ΜΕ.ΠΑ.,,10:55,11:10,15
12,unknown,ΕΛ.ΜΕ.ΠΑ.,,11:10,11:10,0
12,unknown,ΕΛ.ΜΕ.ΠΑ.,,11:10,11:25,15
12,unknown,ΕΛ.ΜΕ.ΠΑ.,,11:25,11:25,0
12,unknown,ΕΛ.ΜΕ.ΠΑ.,,11:25,11:35,10
12,unknown,ΕΛ.ΜΕ.ΠΑ.,,11:35,11:40,5
12,unknown,ΕΛ.ΜΕ.ΠΑ.,,11:40,11:40,0
12,unknown,ΕΛ.ΜΕ.ΠΑ.,,11:40,11:45,5
12,unknown,ΕΛ.ΜΕ.ΠΑ.,,11:45,11:45,0
12,unknown,ΕΛ.ΜΕ.ΠΑ.,,11:45,11:55,10
12,unknown,ΕΛ.ΜΕ.ΠΑ.,,11:55,11:55,0
12,unknown,ΕΛ.ΜΕ.ΠΑ.,,11:55,11:55,0
12,unknown,ΕΛ.ΜΕ.ΠΑ.,,11:55,12:10,15
12,unknown,ΕΛ.ΜΕ.ΠΑ.,,12:10,12:10,0
12,unknown,ΕΛ.ΜΕ.ΠΑ.,,12:10,12:10,0
12,unknown,ΕΛ.ΜΕ.ΠΑ.,,12:10,12:15,5
12,unknown,ΕΛ.ΜΕ.ΠΑ.,,12:15,12:25,10
12,unknown,ΕΛ.ΜΕ.ΠΑ.,,12:25,12:25,0
12,unknown,ΕΛ.ΜΕ.ΠΑ.,,12:25,12:25,0
12,unknown,ΕΛ.ΜΕ.ΠΑ.,,12:25,12:35,10
12,unknown,ΕΛ.ΜΕ.ΠΑ.,,12:35,12:40,5
12,unknown,ΕΛ.ΜΕ.ΠΑ.,,12:40,12:40,0
12,unknown,ΕΛ.ΜΕ.ΠΑ.,,12:40,12:45,5
12,unknown,ΕΛ.ΜΕ.ΠΑ.,,12:45,12:55,10
12,unknown,ΕΛ.ΜΕ.ΠΑ.,,12:55,12:55,0
12,unknown,ΕΛ.ΜΕ.ΠΑ.,,12:55,12:55,0
12,unknown,ΕΛ.ΜΕ.ΠΑ.,,12:55,13:00,5
12,unknown,ΕΛ.ΜΕ.ΠΑ.,,13:00,13:10,10
12,unknown,ΕΛ.ΜΕ.ΠΑ.,,13:10,13:10,0
12,unknown,ΕΛ.ΜΕ.ΠΑ.,,13:10,13:25,15
12,unknown,ΕΛ.ΜΕ.ΠΑ.,,13:25,13:25,0
12,unknown,ΕΛ.ΜΕ.ΠΑ.,,13:25,13:26,1
12,unknown,ΕΛ.ΜΕ.ΠΑ.,,13:26,13:38,12
12,unknown,ΕΛ.ΜΕ.ΠΑ.,,13:38,13:40,2
12,unknown,ΕΛ.ΜΕ.ΠΑ.,,13:40,13:40,0
12,unknown,ΕΛ.ΜΕ.ΠΑ.,,13:40,13:45,5
12,unknown,ΕΛ.ΜΕ.ΠΑ.,,13:45,13:55,10
12,unknown,ΕΛ.ΜΕ.ΠΑ.,,13:55,13:55,0
12,unknown,ΕΛ.ΜΕ.ΠΑ.,,13:55,13:55,0
12,unknown,ΕΛ.ΜΕ.ΠΑ.,,13:55,14:10,15
12,unknown,ΕΛ.ΜΕ.ΠΑ.,,14:10,14:15,5
12,unknown,ΕΛ.ΜΕ.ΠΑ.,,14:15,14:25,10
12,unknown,ΕΛ.ΜΕ.ΠΑ.,,14:25,14:25,0
12,unknown,ΕΛ.ΜΕ.ΠΑ.,,14:25,14:35,10
12,unknown,ΕΛ.ΜΕ.ΠΑ.,,14:35,14:38,3
12,unknown,ΕΛ.ΜΕ.ΠΑ.,,14:38,14:40,2
12,unknown,ΕΛ.ΜΕ.ΠΑ.,,14:40,14:55,15
12,unknown,ΕΛ.ΜΕ.ΠΑ.,,14:55,14:55,0
12,unknown,ΕΛ.ΜΕ.ΠΑ.,,14:55,14:55,0
12,unknown,ΕΛ.ΜΕ.ΠΑ.,,14:55,15:10,15
12,unknown,ΕΛ.ΜΕ.ΠΑ.,,15:10,15:10,0
12,unknown,ΕΛ.ΜΕ.ΠΑ.,,15:10,15:10,0
12,unknown,ΕΛ.ΜΕ.ΠΑ.,,15:10,15:25,15
12,unknown,ΕΛ.ΜΕ.ΠΑ.,,15:25,15:25,0
12,unknown,ΕΛ.ΜΕ.ΠΑ.,,15:25,15:40,15
12,unknown,ΕΛ.ΜΕ.ΠΑ.,,15:40,15:40,0
12,unknown,ΕΛ.ΜΕ.ΠΑ.,,15:40,15:40,0
12,unknown,ΕΛ.ΜΕ.ΠΑ.,,15:40,15:45,5
12,unknown,ΕΛ.ΜΕ.ΠΑ.,,15:45,15:55,10
12,unknown,ΕΛ.ΜΕ.ΠΑ.,,15:55,15:55,0
12,unknown,ΕΛ.ΜΕ.ΠΑ.,,15:55,15:55,0
12,unknown,ΕΛ.ΜΕ.ΠΑ.,,15:55,16:07,12
12,unknown,ΕΛ.ΜΕ.ΠΑ.,,16:07,16:10,3
12,unknown,ΕΛ.ΜΕ.ΠΑ.,,16:10,16:19,9
12,unknown,ΕΛ.ΜΕ.ΠΑ.,,16:19,16:25,6
12,unknown,ΕΛ.ΜΕ.ΠΑ.,,16:25,16:25,0
12,unknown,ΕΛ.ΜΕ.ΠΑ.,,16:25,16:32,7
12,unknown,ΕΛ.ΜΕ.ΠΑ.,,16:32,16:40,8
12,unknown,ΕΛ.ΜΕ.ΠΑ.,,16:40,16:40,0
12,unknown,ΕΛ.ΜΕ.ΠΑ.,,16:40,16:55,15
12,unknown,ΕΛ.ΜΕ.ΠΑ.,,16:55,16:55,0
12,unknown,ΕΛ.ΜΕ.ΠΑ.,,16:55,16:56,1
12,unknown,ΕΛ.ΜΕ.ΠΑ.,,16:56,17:07,11
12,unknown,ΕΛ.ΜΕ.ΠΑ.,,17:07,17:07,0
12,unknown,ΕΛ.ΜΕ.ΠΑ.,,17:07,17:10,3
12,unknown,ΕΛ.ΜΕ.ΠΑ.,,17:10,17:10,0
12,unknown,ΕΛ.ΜΕ.ΠΑ.,,17:10,17:19,9
12,unknown,ΕΛ.ΜΕ.ΠΑ.,,17:19,17:19,0
12,unknown,ΕΛ.ΜΕ.ΠΑ.,,17:19,17:31,12
12,unknown,ΕΛ.ΜΕ.ΠΑ.,,17:31,17:32,1
12,unknown,ΕΛ.ΜΕ.ΠΑ.,,17:32,17:40,8
12,unknown,ΕΛ.ΜΕ.ΠΑ.,,17:40,17:43,3
12,unknown,ΕΛ.ΜΕ.ΠΑ.,,17:43,17:43,0
12,unknown,ΕΛ.ΜΕ.ΠΑ.,,17:43,17:45,2
12,unknown,ΕΛ.ΜΕ.ΠΑ.,,17:45,17:55,10
12,unknown,ΕΛ.ΜΕ.ΠΑ.,,17:55,17:55,0
12,unknown,ΕΛ.ΜΕ.ΠΑ.,,17:55,17:55,0
12,unknown,ΕΛ.ΜΕ.ΠΑ.,,17:55,18:07,12
12,unknown,ΕΛ.ΜΕ.ΠΑ.,,18:07,18:10,3
12,unknown,ΕΛ.ΜΕ.ΠΑ.,,18:10,18:19,9
12,unknown,ΕΛ.ΜΕ.ΠΑ.,,18:19,18:25,6
12,unknown,ΕΛ.ΜΕ.ΠΑ.,,18:25,18:31,6
12,unknown,ΕΛ.ΜΕ.ΠΑ.,,18:31,18:40,9
12,unknown,ΕΛ.ΜΕ.ΠΑ.,,18:40,18:43,3
12,unknown,ΕΛ.ΜΕ.ΠΑ.,,18:43,18:55,12
12,unknown,ΕΛ.ΜΕ.ΠΑ.,,18:55,18:55,0
12,unknown,ΕΛ.ΜΕ.ΠΑ.,,18:55,19:10,15
12,unknown,ΕΛ.ΜΕ.ΠΑ.,,19:10,19:10,0
12,unknown,ΕΛ.ΜΕ.ΠΑ.,,19:10,19:25,15
12,unknown,ΕΛ.ΜΕ.ΠΑ.,,19:25,19:25,0
12,unknown,ΕΛ.ΜΕ.ΠΑ.,,19:25,19:40,15
12,unknown,ΕΛ.ΜΕ.ΠΑ.,,19:40,19:40,0
12,unknown,ΕΛ.ΜΕ.ΠΑ.,,19:40,19:45,5
12,unknown,ΕΛ.ΜΕ.ΠΑ.,,19:45,19:55,10
12,unknown,ΕΛ.ΜΕ.ΠΑ.,,19:55,19:55,0
12,unknown,ΕΛ.ΜΕ.ΠΑ.,,19:55,20:10,15
12,unknown,ΕΛ.ΜΕ.ΠΑ.,,20:10,20:10,0
12,unknown,ΕΛ.ΜΕ.ΠΑ.,,20:10,20:25,15
12,unknown,ΕΛ.ΜΕ.ΠΑ.,,20:25,20:25,0
12,unknown,ΕΛ.ΜΕ.ΠΑ.,,20:25,20:40,15
12,unknown,ΕΛ.ΜΕ.ΠΑ.,,20:40,20:40,0
12,unknown,ΕΛ.ΜΕ.ΠΑ.,,20:40,20:55,15
12,unknown,ΕΛ.ΜΕ.ΠΑ.,,20:55,21:10,15
12,unknown,ΕΛ.ΜΕ.ΠΑ.,,21:10,21:25,15
12,unknown,ΕΛ.ΜΕ.ΠΑ.,,21:25,21:35,10
12,unknown,ΕΛ.ΜΕ.ΠΑ.,,21:35,21:45,10
12,unknown,ΕΛ.ΜΕ.ΠΑ.,,21:45,21:55,10
12,unknown,ΕΛ.ΜΕ.ΠΑ.,,21:55,22:15,20
12,unknown,ΕΛ.ΜΕ.ΠΑ.,,22:15,22:35,20
12,unknown,ΕΛ.ΜΕ.ΠΑ.,,22:35,22:55,20
12,unknown,ΕΛ.ΜΕ.ΠΑ.,,22:55,23:15,20
12,unknown,ΕΛ.ΜΕ.ΠΑ.,,23:15,23:35,20
12,unknown,ΕΛ.ΜΕ.ΠΑ.,,23:35,23:55,20
12,unknown,ΕΛ.ΜΕ.ΠΑ,,12:05,13:07,62
12,unknown,ΕΛ.ΜΕ.ΠΑ,,13:07,14:10,63
12,unknown,ΕΛ.ΜΕ.ΠΑ,,14:10,16:10,120
12,unknown,ΕΛ.ΜΕ.ΠΑ,,16:10,18:07,117
14,daily,ΒΙ.ΠΕ.Η.,,06:48,07:10,22
14,daily,ΒΙ.ΠΕ.Η.,,07:10,11:20,250
14,daily,ΒΙ.ΠΕ.Η.,,11:20,12:10,50
14,daily,ΒΙ.ΠΕ.Η.,,12:10,14:25,135
14,daily,ΒΙ.ΠΕ.Η.,,14:25,16:20,115
15,daily,ΦΟΙΝΙΚΙΑ / ΜΑΛΑΔΕΣ,,14:13,16:05,112
02,daily,ΚΝΩΣΣΟΣ,,05:50,06:20,30
02,daily,ΚΝΩΣΣΟΣ,,06:20,07:00,40
02,daily,ΚΝΩΣΣΟΣ,,07:00,07:20,20
02,daily,ΚΝΩΣΣΟΣ,,07:20,07:55,35
02,daily,ΚΝΩΣΣΟΣ,,07:55,08:10,15
02,daily,ΚΝΩΣΣΟΣ,,08:10,08:25,15
02,daily,ΚΝΩΣΣΟΣ,,08:25,08:40,15
02,daily,ΚΝΩΣΣΟΣ,,08:40,09:00,20
02,daily,ΚΝΩΣΣΟΣ,,09:00,09:20,20
02,daily,ΚΝΩΣΣΟΣ,,09:20,09:40,20
02,daily,ΚΝΩΣΣΟΣ,,09:40,10:00,20
02,daily,ΚΝΩΣΣΟΣ,,10:00,10:20,20
02,daily,ΚΝΩΣΣΟΣ,,10:20,10:40,20
02,daily,ΚΝΩΣΣΟΣ,,10:40,11:00,20
02,daily,ΚΝΩΣΣΟΣ,,11:00,11:20,20
02,daily,ΚΝΩΣΣΟΣ,,11:20,11:40,20
02,daily,ΚΝΩΣΣΟΣ,,11:40,11:55,15
02,daily,ΚΝΩΣΣΟΣ,,11:55,12:10,15
02,daily,ΚΝΩΣΣΟΣ,,12:10,12:25,15
02,daily,ΚΝΩΣΣΟΣ,,12:25,12:40,15
02,daily,ΚΝΩΣΣΟΣ,,12:40,12:55,15
02,daily,ΚΝΩΣΣΟΣ,,12:55,13:10,15
02,daily,ΚΝΩΣΣΟΣ,,13:10,16:20,190
02,daily,ΚΝΩΣΣΟΣ,,16:20,16:40,20
02,daily,ΚΝΩΣΣΟΣ,,16:40,17:00,20
02,daily,ΚΝΩΣΣΟΣ,,17:00,17:20,20
02,daily,ΚΝΩΣΣΟΣ,,17:20,17:40,20
02,daily,ΚΝΩΣΣΟΣ,,17:40,18:00,20
02,daily,ΚΝΩΣΣΟΣ,,18:00,18:00,0
02,daily,ΚΝΩΣΣΟΣ,,18:00,18:20,20
02,daily,ΚΝΩΣΣΟΣ,,18:20,18:30,10
02,daily,ΚΝΩΣΣΟΣ,,18:30,18:40,10
02,daily,ΚΝΩΣΣΟΣ,,18:40,19:00,20
02,daily,ΚΝΩΣΣΟΣ,,19:00,19:00,0
02,daily,ΚΝΩΣΣΟΣ,,19:00,19:20,20
02,daily,ΚΝΩΣΣΟΣ,,19:20,19:30,10
02,daily,ΚΝΩΣΣΟΣ,,19:30,19:40,10
02,daily,ΚΝΩΣΣΟΣ,,19:40,20:00,20
02,daily,ΚΝΩΣΣΟΣ,,20:00,20:00,0
02,daily,ΚΝΩΣΣΟΣ,,20:00,20:20,20
02,daily,ΚΝΩΣΣΟΣ,,20:20,20:30,10
02,daily,ΚΝΩΣΣΟΣ,,20:30,21:00,30
02,daily,ΚΝΩΣΣΟΣ,,21:00,21:00,0
02,daily,ΚΝΩΣΣΟΣ,,21:00,21:30,30
02,daily,ΚΝΩΣΣΟΣ,,21:30,22:00,30
02,daily,ΚΝΩΣΣΟΣ,,22:00,22:00,0
02,daily,ΚΝΩΣΣΟΣ,,22:00,22:25,25
02,daily,ΚΝΩΣΣΟΣ,,22:25,22:25,0
02,daily,ΚΝΩΣΣΟΣ,,22:25,22:50,25
02,daily,ΚΝΩΣΣΟΣ,,22:50,22:50,0
02,daily,ΚΝΩΣΣΟΣ,,22:50,23:15,25
02,daily,ΚΝΩΣΣΟΣ,,23:15,23:15,0
02,daily,ΣΚΑΛΑΝΙ,,07:05,07:05,0
02,daily,ΣΚΑΛΑΝΙ,,07:05,07:30,25
02,daily,ΣΚΑΛΑΝΙ,,07:30,09:50,140
02,daily,ΣΚΑΛΑΝΙ,,09:50,09:50,0
02,daily,ΣΚΑΛΑΝΙ,,09:50,10:00,10
02,daily,ΣΚΑΛΑΝΙ,,10:00,13:20,200
02,daily,ΣΚΑΛΑΝΙ,,13:20,14:20,60
02,daily,ΣΚΑΛΑΝΙ,,14:20,14:20,0
02,daily,ΣΚΑΛΑΝΙ,,14:20,16:00,100
02,daily,ΣΚΑΛΑΝΙ,,16:00,16:05,5
02,unknown,ΣΚΑΛΑΝΙ,,07:30,10:00,150
02,unknown,ΣΚΑΛΑΝΙ,,10:00,13:20,200
02,unknown,ΣΚΑΛΑΝΙ,,13:20,14:20,60
02,unknown,ΣΚΑΛΑΝΙ,,14:20,14:20,0
02,unknown,ΣΚΑΛΑΝΙ,,14:20,16:00,100
02,unknown,ΣΚΑΛΑΝΙ,,16:00,16:05,5
02,unknown,ΚΝΩΣΣΟΣ,,05:50,05:50,0
02,unknown,ΚΝΩΣΣΟΣ,,05:50,06:20,30
02,unknown,ΚΝΩΣΣΟΣ,,06:20,06:30,10
02,unknown,ΚΝΩΣΣΟΣ,,06:30,07:00,30
02,unknown,ΚΝΩΣΣΟΣ,,07:00,07:00,0
02,unknown,ΚΝΩΣΣΟΣ,,07:00,07:20,20
02,unknown,ΚΝΩΣΣΟΣ,,07:20,07:30,10
02,unknown,ΚΝΩΣΣΟΣ,,07:30,08:00,30
02,unknown,ΚΝΩΣΣΟΣ,,08:00,08:00,0
02,unknown,ΚΝΩΣΣΟΣ,,08:00,08:20,20
02,unknown,ΚΝΩΣΣΟΣ,,08:20,08:30,10
02,unknown,ΚΝΩΣΣΟΣ,,08:30,08:40,10
02,unknown,ΚΝΩΣΣΟΣ,,08:40,09:00,20
02,unknown,ΚΝΩΣΣΟΣ,,09:00,09:00,0
02,unknown,ΚΝΩΣΣΟΣ,,09:00,09:20,20
02,unknown,ΚΝΩΣΣΟΣ,,09:20,09:30,10
02,unknown,ΚΝΩΣΣΟΣ,,09:30,09:40,10
02,unknown,ΚΝΩΣΣΟΣ,,09:40,10:00,20
02,unknown,ΚΝΩΣΣΟΣ,,10:00,10:20,20
02,unknown,ΚΝΩΣΣΟΣ,,10:20,10:30,10
02,unknown,ΚΝΩΣΣΟΣ,,10:30,10:40,10
02,unknown,ΚΝΩΣΣΟΣ,,10:40,11:00,20
02,unknown,ΚΝΩΣΣΟΣ,,11:00,11:00,0
02,unknown,ΚΝΩΣΣΟΣ,,11:00,11:20,20
02,unknown,ΚΝΩΣΣΟΣ,,11:20,11:30,10
02,unknown,ΚΝΩΣΣΟΣ,,11:30,11:40,10
02,unknown,ΚΝΩΣΣΟΣ,,11:40,12:00,20
02,unknown,ΚΝΩΣΣΟΣ,,12:00,12:00,0
02,unknown,ΚΝΩΣΣΟΣ,,12:00,12:20,20
02,unknown,ΚΝΩΣΣΟΣ,,12:20,12:30,10
02,unknown,ΚΝΩΣΣΟΣ,,12:30,12:40,10
02,unknown,ΚΝΩΣΣΟΣ,,12:40,13:00,20
02,unknown,ΚΝΩΣΣΟΣ,,13:00,13:00,0
02,unknown,ΚΝΩΣΣΟΣ,,13:00,13:20,20
02,unknown,ΚΝΩΣΣΟΣ,,13:20,13:25,5
02,unknown,ΚΝΩΣΣΟΣ,,13:25,13:30,5
02,unknown,ΚΝΩΣΣΟΣ,,13:30,13:40,10
02,unknown,ΚΝΩΣΣΟΣ,,13:40,13:40,0
02,unknown,ΚΝΩΣΣΟΣ,,13:40,13:55,15
02,unknown,ΚΝΩΣΣΟΣ,,13:55,14:00,5
02,unknown,ΚΝΩΣΣΟΣ,,14:00,14:00,0
02,unknown,ΚΝΩΣΣΟΣ,,14:00,14:10,10
02,unknown,ΚΝΩΣΣΟΣ,,14:10,14:20,10
02,unknown,ΚΝΩΣΣΟΣ,,14:20,14:25,5
02,unknown,ΚΝΩΣΣΟΣ,,14:25,14:30,5
02,unknown,ΚΝΩΣΣΟΣ,,14:30,14:40,10
02,unknown,ΚΝΩΣΣΟΣ,,14:40,14:40,0
02,unknown,ΚΝΩΣΣΟΣ,,14:40,15:00,20
02,unknown,ΚΝΩΣΣΟΣ,,15:00,15:00,0
02,unknown,ΚΝΩΣΣΟΣ,,15:00,15:00,0
02,unknown,ΚΝΩΣΣΟΣ,,15:00,15:20,20
02,unknown,ΚΝΩΣΣΟΣ,,15:20,15:20,0
02,unknown,ΚΝΩΣΣΟΣ,,15:20,15:30,10
02,unknown,ΚΝΩΣΣΟΣ,,15:30,15:40,10
02,unknown,ΚΝΩΣΣΟΣ,,15:40,15:40,0
02,unknown,ΚΝΩΣΣΟΣ,,15:40,16:00,20
02,unknown,ΚΝΩΣΣΟΣ,,16:00,16:00,0
02,unknown,ΚΝΩΣΣΟΣ,,16:00,16:20,20
02,unknown,ΚΝΩΣΣΟΣ,,16:20,16:30,10
02,unknown,ΚΝΩΣΣΟΣ,,16:30,16:40,10
02,unknown,ΚΝΩΣΣΟΣ,,16:40,17:00,20
02,unknown,ΚΝΩΣΣΟΣ,,17:00,17:00,0
02,unknown,ΚΝΩΣΣΟΣ,,17:00,17:20,20
02,unknown,ΚΝΩΣΣΟΣ,,17:20,17:30,10
02,unknown,ΚΝΩΣΣΟΣ,,17:30,17:40,10
02,unknown,ΚΝΩΣΣΟΣ,,17:40,18:00,20
02,unknown,ΚΝΩΣΣΟΣ,,18:00,18:20,20
02,unknown,ΚΝΩΣΣΟΣ,,18:20,18:40,20
02,unknown,ΚΝΩΣΣΟΣ,,18:40,19:00,20
02,unknown,ΚΝΩΣΣΟΣ,,19:00,19:20,20
02,unknown,ΚΝΩΣΣΟΣ,,19:20,19:40,20
02,unknown,ΚΝΩΣΣΟΣ,,19:40,20:00,20
02,unknown,ΚΝΩΣΣΟΣ,,20:00,20:20,20
02,unknown,ΚΝΩΣΣΟΣ,,20:20,21:05,45
02,unknown,ΚΝΩΣΣΟΣ,,21:05,22:05,60
02,unknown,ΣΚΑΛΑΝΙ,Σροφή Κάτω,18:10,21:20,190
02,unknown,ΚΝΩΣΣΟΣ / ΛΙΜΑΝΙ,,22:25,22:50,25
02,unknown,ΚΝΩΣΣΟΣ / ΛΙΜΑΝΙ,,22:50,23:15,25
02,daily,ΣΚΑΛΑΝΙ,Σροφή Κάτω,18:10,21:20,190
02,daily,KNOSSOS,,05:50,06:20,30
02,daily,KNOSSOS,,06:20,07:00,40
02,daily,KNOSSOS,,07:00,07:20,20
02,daily,KNOSSOS,,07:20,07:55,35
02,daily,KNOSSOS,,07:55,08:10,15
02,daily,KNOSSOS,,08:10,08:25,15
02,daily,KNOSSOS,,08:25,08:40,15
02,daily,KNOSSOS,,08:40,09:00,20
02,daily,KNOSSOS,,09:00,09:20,20
02,daily,KNOSSOS,,09:20,09:40,20
02,daily,KNOSSOS,,09:40,10:00,20
02,daily,KNOSSOS,,10:00,10:20,20
02,daily,KNOSSOS,,10:20,10:40,20
02,daily,KNOSSOS,,10:40,11:00,20
02,daily,KNOSSOS,,11:00,11:20,20
02,daily,KNOSSOS,,11:20,11:40,20
02,daily,KNOSSOS,,11:40,11:55,15
02,daily,KNOSSOS,,11:55,12:10,15
02,daily,KNOSSOS,,12:10,12:25,15
02,daily,KNOSSOS,,12:25,12:40,15
02,daily,KNOSSOS,,12:40,12:55,15
02,daily,KNOSSOS,,12:55,13:10,15
02,daily,SKALANI,,07:05,07:05,0
02,daily,SKALANI,,07:05,09:50,165
02,daily,SKALANI,,09:50,09:50,0
02,daily,SKALANI,,09:50,13:20,210
02,daily,SKALANI,,13:20,14:20,60
02,daily,SKALANI,,14:20,16:05,105
02,unknown,SKALANI,,13:20,14:20,60
02,unknown,SKALANI,,14:20,16:05,105
02,unknown,KNOSSOS,,13:25,13:40,15
02,unknown,KNOSSOS,,13:40,13:55,15
02,unknown,KNOSSOS,,13:55,14:10,15
02,unknown,KNOSSOS,,14:10,14:25,15
02,unknown,KNOSSOS,,14:25,14:40,15
02,unknown,KNOSSOS,,14:40,15:00,20
02,unknown,KNOSSOS,,15:00,15:20,20
02,unknown,KNOSSOS,,15:20,15:40,20
02,unknown,KNOSSOS,,15:40,16:00,20
02,unknown,KNOSSOS,,16:00,16:20,20
02,unknown,KNOSSOS,,16:20,16:40,20
02,unknown,KNOSSOS,,16:40,17:00,20
02,unknown,KNOSSOS,,17:00,17:20,20
02,unknown,KNOSSOS,,17:20,17:40,20
02,unknown,KNOSSOS,,17:40,18:00,20
02,unknown,KNOSSOS,,18:00,18:20,20
02,unknown,KNOSSOS,,18:20,18:40,20
02,unknown,KNOSSOS,,18:40,19:00,20
02,unknown,KNOSSOS,,19:00,19:20,20
02,unknown,KNOSSOS,,19:20,19:40,20
02,unknown,KNOSSOS,,19:40,20:00,20
02,unknown,KNOSSOS,,20:00,20:20,20
02,unknown,KNOSSOS,,20:20,21:05,45
02,unknown,KNOSSOS,,21:05,22:05,60
02,unknown,KNOSSOS,,22:05,22:25,20
02,unknown,KNOSSOS,,22:25,22:50,25
02,unknown,KNOSSOS,,22:50,23:15,25
02,unknown,SKALANI,Suction Down,18:10,21:20,190
02,daily,SKALANI,Suction Down,18:10,21:20,190
23,daily,ΝΕΟ ΚΟΙΜΗΤΗΡΙΟ.,,10:00,10:00,0
03,daily,ΦΟΡΤΕΤΣΑ,,06:40,06:40,0
03,daily,ΦΟΡΤΕΤΣΑ,,06:40,06:45,5
03,daily,ΦΟΡΤΕΤΣΑ,,06:45,07:40,55
03,daily,ΦΟΡΤΕΤΣΑ,,07:40,07:40,0
03,daily,ΦΟΡΤΕΤΣΑ,,07:40,08:30,50
03,daily,ΦΟΡΤΕΤΣΑ,,08:30,08:30,0
03,daily,ΦΟΡΤΕΤΣΑ,,08:30,08:45,15
03,daily,ΦΟΡΤΕΤΣΑ,,08:45,09:30,45
03,daily,ΦΟΡΤΕΤΣΑ,,09:30,09:30,0
03,daily,ΦΟΡΤΕΤΣΑ,,09:30,10:30,60
03,daily,ΦΟΡΤΕΤΣΑ,,10:30,10:30,0
03,daily,ΦΟΡΤΕΤΣΑ,,10:30,10:45,15
03,daily,ΦΟΡΤΕΤΣΑ,,10:45,11:30,45
03,daily,ΦΟΡΤΕΤΣΑ,,11:30,11:30,0
03,daily,ΦΟΡΤΕΤΣΑ,,11:30,12:30,60
03,daily,ΦΟΡΤΕΤΣΑ,,12:30,12:30,0
03,daily,ΦΟΡΤΕΤΣΑ,,12:30,12:45,15
03,daily,ΦΟΡΤΕΤΣΑ,,12:45,13:30,45
03,daily,ΦΟΡΤΕΤΣΑ,,13:30,13:30,0
03,daily,ΦΟΡΤΕΤΣΑ,,13:30,14:30,60
03,daily,ΦΟΡΤΕΤΣΑ,,14:30,14:30,0
03,daily,ΦΟΡΤΕΤΣΑ,,14:30,14:45,15
03,daily,ΦΟΡΤΕΤΣΑ,,14:45,15:30,45
03,daily,ΦΟΡΤΕΤΣΑ,,15:30,15:30,0
03,daily,ΦΟΡΤΕΤΣΑ,,15:30,16:30,60
03,daily,ΦΟΡΤΕΤΣΑ,,16:30,16:30,0
03,daily,ΦΟΡΤΕΤΣΑ,,16:30,16:45,15
03,daily,ΦΟΡΤΕΤΣΑ,,16:45,17:30,45
03,daily,ΦΟΡΤΕΤΣΑ,,17:30,17:30,0
03,daily,ΦΟΡΤΕΤΣΑ,,17:30,18:30,60
03,daily,ΦΟΡΤΕΤΣΑ,,18:30,18:30,0
03,daily,ΦΟΡΤΕΤΣΑ,,18:30,18:45,15
03,daily,ΦΟΡΤΕΤΣΑ,,18:45,19:30,45
03,daily,ΦΟΡΤΕΤΣΑ,,19:30,19:30,0
03,daily,ΦΟΡΤΕΤΣΑ,,19:30,20:40,70
03,daily,ΦΟΡΤΕΤΣΑ,,20:40,20:40,0
03,daily,ΦΟΡΤΕΤΣΑ,,20:40,20:45,5
03,daily,ΦΟΡΤΕΤΣΑ,,20:45,21:30,45
03,daily,ΦΟΡΤΕΤΣΑ,,21:30,21:45,15
06,daily,ΑΜΜΟΥΔΑΡΑ,,05:55,06:28,33
06,daily,ΑΜΜΟΥΔΑΡΑ,,06:28,06:57,29
06,daily,ΑΜΜΟΥΔΑΡΑ,,06:57,07:20,23
06,daily,ΑΜΜΟΥΔΑΡΑ,,07:20,07:40,20
06,daily,ΑΜΜΟΥΔΑΡΑ,,07:40,08:00,20
06,daily,ΑΜΜΟΥΔΑΡΑ,,08:00,08:20,20
06,daily,ΑΜΜΟΥΔΑΡΑ,,08:20,08:40,20
06,daily,ΑΜΜΟΥΔΑΡΑ,,08:40,09:00,20
06,daily,ΑΜΜΟΥΔΑΡΑ,,09:00,09:30,30
06,daily,ΑΜΜΟΥΔΑΡΑ,,09:30,10:00,30
06,daily,ΑΜΜΟΥΔΑΡΑ,,10:00,10:30,30
06,daily,ΑΜΜΟΥΔΑΡΑ,,10:30,11:00,30
06,daily,ΑΜΜΟΥΔΑΡΑ,,11:00,11:30,30
06,daily,ΑΜΜΟΥΔΑΡΑ,,11:30,12:00,30
06,daily,ΑΜΜΟΥΔΑΡΑ,,12:00,12:20,20
06,daily,ΑΜΜΟΥΔΑΡΑ,,12:20,12:40,20
06,daily,ΑΜΜΟΥΔΑΡΑ,,12:40,13:00,20
06,daily,ΑΜΜΟΥΔΑΡΑ,,13:00,13:20,20
06,daily,ΑΜΜΟΥΔΑΡΑ,,13:20,13:40,20
06,daily,ΑΜΜΟΥΔΑΡΑ,,13:40,14:00,20
06,daily,ΑΜΜΟΥΔΑΡΑ,,14:00,14:20,20
06,daily,ΑΜΜΟΥΔΑΡΑ,,14:20,14:40,20
06,daily,ΑΜΜΟΥΔΑΡΑ,,14:40,15:00,20
06,daily,ΑΜΜΟΥΔΑΡΑ,,15:00,15:30,30
06,daily,ΑΜΜΟΥΔΑΡΑ,,15:30,16:00,30
06,daily,ΑΜΜΟΥΔΑΡΑ,,16:00,16:30,30
06,daily,ΑΜΜΟΥΔΑΡΑ,,16:30,17:00,30
06,daily,ΑΜΜΟΥΔΑΡΑ,,17:00,17:30,30
06,daily,ΑΜΜΟΥΔΑΡΑ,,17:30,18:00,30
06,daily,ΑΜΜΟΥΔΑΡΑ,,18:00,18:30,30
06,daily,ΑΜΜΟΥΔΑΡΑ,,18:30,19:00,30
06,daily,ΑΜΜΟΥΔΑΡΑ,,19:00,19:00,0
06,daily,ΑΜΜΟΥΔΑΡΑ,,19:00,19:30,30
06,daily,ΑΜΜΟΥΔΑΡΑ,,19:30,19:30,0
06,daily,ΑΜΜΟΥΔΑΡΑ,,19:30,20:00,30
06,daily,ΑΜΜΟΥΔΑΡΑ,,20:00,20:00,0
06,daily,ΑΜΜΟΥΔΑΡΑ,,20:00,20:30,30
06,daily,ΑΜΜΟΥΔΑΡΑ,,20:30,20:30,0
06,daily,ΑΜΜΟΥΔΑΡΑ,,20:30,20:30,0
06,daily,ΑΜΜΟΥΔΑΡΑ,,20:30,21:00,30
06,daily,ΑΜΜΟΥΔΑΡΑ,,21:00,21:00,0
06,daily,ΑΜΜΟΥΔΑΡΑ,,21:00,21:00,0
06,daily,ΑΜΜΟΥΔΑΡΑ,,21:00,21:30,30
06,daily,ΑΜΜΟΥΔΑΡΑ,,21:30,21:30,0
06,daily,ΑΜΜΟΥΔΑΡΑ,,21:30,21:30,0
06,daily,ΑΜΜΟΥΔΑΡΑ,,21:30,22:00,30
06,daily,ΑΜΜΟΥΔΑΡΑ,,22:00,22:00,0
06,daily,ΑΜΜΟΥΔΑΡΑ,,22:00,22:00,0
06,daily,ΑΜΜΟΥΔΑΡΑ,,22:00,22:30,30
06,daily,ΑΜΜΟΥΔΑΡΑ,,22:30,22:30,0
06,daily,ΑΜΜΟΥΔΑΡΑ,,22:30,22:30,0
06,daily,ΑΜΜΟΥΔΑΡΑ,,22:30,23:05,35
06,daily,ΑΜΜΟΥΔΑΡΑ,,23:05,23:05,0
06,daily,ΑΜΜΟΥΔΑΡΑ,,23:05,23:05,0
06,daily,AMMOUDARA- AIRPORT,,05:55,06:28,33
06,daily,AMMOUDARA- AIRPORT,,06:28,06:57,29
06,daily,AMMOUDARA- AIRPORT,,06:57,07:20,23
06,daily,AMMOUDARA- AIRPORT,,07:20,07:40,20
06,daily,AMMOUDARA- AIRPORT,,07:40,08:00,20
06,daily,AMMOUDARA- AIRPORT,,08:00,08:20,20
06,daily,AMMOUDARA- AIRPORT,,08:20,08:40,20
06,daily,AMMOUDARA- AIRPORT,,08:40,09:00,20
06,daily,AMMOUDARA- AIRPORT,,09:00,09:30,30
06,daily,AMMOUDARA- AIRPORT,,09:30,10:00,30
06,daily,AMMOUDARA- AIRPORT,,10:00,10:30,30
06,daily,AMMOUDARA- AIRPORT,,10:30,11:00,30
06,daily,AMMOUDARA- AIRPORT,,11:00,11:30,30
06,daily,AMMOUDARA- AIRPORT,,11:30,12:00,30
06,daily,AMMOUDARA- AIRPORT,,12:00,12:20,20
06,daily,AMMOUDARA- AIRPORT,,12:20,12:40,20
06,daily,AMMOUDARA- AIRPORT,,12:40,13:00,20
06,daily,AMMOUDARA- AIRPORT,,13:00,13:20,20
06,daily,AMMOUDARA- AIRPORT,,13:20,13:40,20
06,daily,AMMOUDARA- AIRPORT,,13:40,14:00,20
06,daily,AMMOUDARA- AIRPORT,,14:00,14:20,20
06,daily,AMMOUDARA- AIRPORT,,14:20,14:40,20
06,daily,AMMOUDARA- AIRPORT,,14:40,15:00,20
06,daily,AMMOUDARA- AIRPORT,,15:00,15:30,30
06,daily,AMMOUDARA- AIRPORT,,15:30,16:00,30
06,daily,AMMOUDARA- AIRPORT,,16:00,16:30,30
06,unknown,AMMOUDARA- AIRPORT,,17:00,17:30,30
06,unknown,AMMOUDARA- AIRPORT,,17:30,18:00,30
06,unknown,AMMOUDARA- AIRPORT,,18:00,18:30,30
06,unknown,AMMOUDARA- AIRPORT,,18:30,19:00,30
06,unknown,AMMOUDARA- AIRPORT,,19:00,19:30,30
06,unknown,AMMOUDARA- AIRPORT,,19:30,20:00,30
06,unknown,AMMOUDARA- AIRPORT,,20:00,20:30,30
06,unknown,AMMOUDARA- AIRPORT,,20:30,21:00,30
06,unknown,AMMOUDARA- AIRPORT,,21:00,21:30,30
06,unknown,AMMOUDARA- AIRPORT,,21:30,22:00,30
06,unknown,AMMOUDARA- AIRPORT,,22:00,22:30,30
06,unknown,AMMOUDARA- AIRPORT,,22:30,23:05,35
07,daily,ΑΜΝΙΣΣΟΣ,,08:00,09:00,60
07,daily,ΑΜΝΙΣΣΟΣ,,09:00,10:00,60
07,daily,ΑΜΝΙΣΣΟΣ,,10:00,11:00,60
07,daily,ΑΜΝΙΣΣΟΣ,,11:00,12:00,60
07,daily,ΑΜΝΙΣΣΟΣ,,12:00,13:00,60
07,daily,ΑΜΝΙΣΣΟΣ,,13:00,14:00,60
07,daily,ΑΜΝΙΣΣΟΣ,,14:00,15:00,60
07,daily,ΑΜΝΙΣΣΟΣ,,15:00,17:00,120
07,daily,ΑΜΝΙΣΣΟΣ,,17:00,19:00,120
07,daily,ΑΜΝΙΣΣΟΣ,,19:00,21:00,120
09,daily,,,06:45,09:05,140
09,daily,,,09:05,12:30,205
09,daily,,,12:30,14:10,100
09,daily,,,14:10,16:10,120
09,daily,ΑΓ ΣΥΛΛΑΣ / ΑΓ. ΒΛΑΣΣΗ / ΕΞΩ ΒΑΣΙΛΕΙΕΣ,,18:50,21:10,140
11,unknown,ΠΑΓΝΗ ΠΑΝΕΠ/ΜΙΟ,,22:45,22:45,0
12,unknown,ΕΛΜΕΠΑ,,15:25,17:25,120
06,unknown,ΑΜΜΟΥΔΑΡΑ,,05:55,05:55,0
06,unknown,ΑΜΜΟΥΔΑΡΑ,,05:55,05:55,0
06,unknown,ΑΜΜΟΥΔΑΡΑ,,05:55,06:30,35
06,unknown,ΑΜΜΟΥΔΑΡΑ,,06:30,06:30,0
06,unknown,ΑΜΜΟΥΔΑΡΑ,,06:30,07:00,30
06,unknown,ΑΜΜΟΥΔΑΡΑ,,07:00,07:00,0
06,unknown,ΑΜΜΟΥΔΑΡΑ,,07:00,07:30,30
06,unknown,ΑΜΜΟΥΔΑΡΑ,,07:30,07:30,0
06,unknown,ΑΜΜΟΥΔΑΡΑ,,07:30,08:00,30
06,unknown,ΑΜΜΟΥΔΑΡΑ,,08:00,08:00,0
06,unknown,ΑΜΜΟΥΔΑΡΑ,,08:00,08:30,30
06,unknown,ΑΜΜΟΥΔΑΡΑ,,08:30,08:30,0
06,unknown,ΑΜΜΟΥΔΑΡΑ,,08:30,09:00,30
06,unknown,ΑΜΜΟΥΔΑΡΑ,,09:00,09:00,0
06,unknown,ΑΜΜΟΥΔΑΡΑ,,09:00,09:30,30
06,unknown,ΑΜΜΟΥΔΑΡΑ,,09:30,09:30,0
06,unknown,ΑΜΜΟΥΔΑΡΑ,,09:30,10:00,30
06,unknown,ΑΜΜΟΥΔΑΡΑ,,10:00,10:00,0
06,unknown,ΑΜΜΟΥΔΑΡΑ,,10:00,10:30,30
06,unknown,ΑΜΜΟΥΔΑΡΑ,,10:30,10:30,0
06,unknown,ΑΜΜΟΥΔΑΡΑ,,10:30,11:00,30
06,unknown,ΑΜΜΟΥΔΑΡΑ,,11:00,11:00,0
06,unknown,ΑΜΜΟΥΔΑΡΑ,,11:00,11:30,30
06,unknown,ΑΜΜΟΥΔΑΡΑ,,11:30,11:30,0
06,unknown,ΑΜΜΟΥΔΑΡΑ,,11:30,12:00,30
06,unknown,ΑΜΜΟΥΔΑΡΑ,,12:00,12:00,0
06,unknown,ΑΜΜΟΥΔΑΡΑ,,12:00,12:30,30
06,unknown,ΑΜΜΟΥΔΑΡΑ,,12:30,12:30,0
06,unknown,ΑΜΜΟΥΔΑΡΑ,,12:30,13:00,30
06,unknown,ΑΜΜΟΥΔΑΡΑ,,13:00,13:00,0
06,unknown,ΑΜΜΟΥΔΑΡΑ,,13:00,13:30,30
06,unknown,ΑΜΜΟΥΔΑΡΑ,,13:30,13:30,0
06,unknown,ΑΜΜΟΥΔΑΡΑ,,13:30,14:00,30
06,unknown,ΑΜΜΟΥΔΑΡΑ,,14:00,14:00,0
06,unknown,ΑΜΜΟΥΔΑΡΑ,,14:00,14:30,30
06,unknown,ΑΜΜΟΥΔΑΡΑ,,14:30,14:30,0
06,unknown,ΑΜΜΟΥΔΑΡΑ,,14:30,15:00,30
06,unknown,ΑΜΜΟΥΔΑΡΑ,,15:00,15:00,0
06,unknown,ΑΜΜΟΥΔΑΡΑ,,15:00,15:30,30
06,unknown,ΑΜΜΟΥΔΑΡΑ,,15:30,15:30,0
06,unknown,ΑΜΜΟΥΔΑΡΑ,,15:30,16:00,30
06,unknown,ΑΜΜΟΥΔΑΡΑ,,16:00,16:00,0
06,unknown,ΑΜΜΟΥΔΑΡΑ,,16:00,16:30,30
06,unknown,ΑΜΜΟΥΔΑΡΑ,,16:30,16:30,0
06,unknown,ΑΜΜΟΥΔΑΡΑ,,16:30,17:00,30
06,unknown,ΑΜΜΟΥΔΑΡΑ,,17:00,17:00,0
06,unknown,ΑΜΜΟΥΔΑΡΑ,,17:00,17:30,30
06,unknown,ΑΜΜΟΥΔΑΡΑ,,17:30,17:30,0
06,unknown,ΑΜΜΟΥΔΑΡΑ,,17:30,18:00,30
06,unknown,ΑΜΜΟΥΔΑΡΑ,,18:00,18:00,0
06,unknown,ΑΜΜΟΥΔΑΡΑ,,18:00,18:30,30
06,unknown,ΑΜΜΟΥΔΑΡΑ,,18:30,18:30,0
06,unknown,ΑΜΜΟΥΔΑΡΑ,,18:30,19:00,30
06,unknown,ΑΜΜΟΥΔΑΡΑ,,19:00,19:30,30
06,unknown,ΑΜΜΟΥΔΑΡΑ,,19:30,20:00,30
07,unknown,ΑΜΝΙΣΣΟΣ,,07:00,07:00,0
07,unknown,ΑΜΝΙΣΣΟΣ,,07:00,08:00,60
07,unknown,ΑΜΝΙΣΣΟΣ,,08:00,09:00,60
07,unknown,ΑΜΝΙΣΣΟΣ,,09:00,09:00,0
07,unknown,ΑΜΝΙΣΣΟΣ,,09:00,10:00,60
07,unknown,ΑΜΝΙΣΣΟΣ,,10:00,11:00,60
07,unknown,ΑΜΝΙΣΣΟΣ,,11:00,11:00,0
07,unknown,ΑΜΝΙΣΣΟΣ,,11:00,12:00,60
07,unknown,ΑΜΝΙΣΣΟΣ,,12:00,13:00,60
07,unknown,ΑΜΝΙΣΣΟΣ,,13:00,13:00,0
07,unknown,ΑΜΝΙΣΣΟΣ,,13:00,14:00,60
07,unknown,ΑΜΝΙΣΣΟΣ,,14:00,15:00,60
07,unknown,ΑΜΝΙΣΣΟΣ,,15:00,15:00,0
07,unknown,ΑΜΝΙΣΣΟΣ,,15:00,17:00,120
07,unknown,ΑΜΝΙΣΣΟΣ,,17:00,17:00,0
07,unknown,ΑΜΝΙΣΣΟΣ,,17:00,19:00,120
07,unknown,ΑΜΝΙΣΣΟΣ,,19:00,19:00,0
07,unknown,ΑΜΝΙΣΣΟΣ,,19:00,21:00,120
07,unknown,ΑΜΝΙΣΣΟΣ,,21:00,21:00,0
10,unknown,ΓΑΖΙ / ΚΑΒΡΟΧΩΡΙ,,06:50,06:50,0
10,unknown,ΓΑΖΙ / ΚΑΒΡΟΧΩΡΙ,,06:50,15:15,505
10,unknown,ΓΑΖΙ / ΚΑΒΡΟΧΩΡΙ,,15:15,15:15,0
10,unknown,ΓΑΖΙ,,07:55,09:10,75
10,unknown,ΓΑΖΙ,,09:10,12:15,185
10,unknown,ΓΑΖΙ,,12:15,13:30,75
10,unknown,ΓΑΖΙ,,13:30,20:35,425
10,unknown,ΓΑΖΙ,,20:35,22:10,95
10,unknown,ΚΑΒΡΟΧΩΡΙ,,10:30,10:30,0
10,unknown,ΑΕΡΟΔΡΟΜΙΟ.,,16:35,18:00,85
10,daily,ΓΑΖΙ / ΚΑΒΡΟΧΩΡΙ,,06:50,15:15,505
10,daily,ΑΕΡΟΔΡΟΜΙΟ.,,16:35,18:00,85
11,unknown,ΠΑ.Γ.Ν.Η. ΠΑΝΕΠΙΣΤΗΜΙΟ,,06:23,06:23,0
12,unknown,ΕΛ.ΜΕ.ΠΑ. / ΜΕΣΑ ΒΙΠΕΗ,,06:40,11:25,285
